"","x"
"1","1110001J03Rik"
"2","1500015A07Rik"
"3","1600012H06Rik"
"4","1700096K18Rik"
"5","1700123O20Rik"
"6","2010320M18Rik"
"7","2310039H08Rik"
"8","2610306M01Rik"
"9","2810013P06Rik"
"10","4632427E13Rik"
"11","4933431E20Rik"
"12","5031425E22Rik"
"13","5830454E08Rik"
"14","9330159F19Rik"
"15","A330048O09Rik"
"16","AI464131"
"17","AW047730"
"18","Abhd11"
"19","Abhd14b"
"20","Acaa1a"
"21","Acadvl"
"22","Acsbg1"
"23","Acsl3"
"24","Acy1"
"25","Ahcyl1"
"26","Aldoc"
"27","Alg3"
"28","Alkbh7"
"29","Ankrd9"
"30","Ap3m1"
"31","Ap5s1"
"32","Apc"
"33","Apoe"
"34","Appl2"
"35","Aqp4"
"36","Arhgap5"
"37","Arxes2"
"38","Atp1a2"
"39","Atp1b2"
"40","Atp6v0e"
"41","Atraid"
"42","B930095G15Rik"
"43","BC005561"
"44","BC029214"
"45","Bambi"
"46","Bbs10"
"47","Bcan"
"48","Bhlhe40"
"49","Bloc1s1"
"50","Bmyc"
"51","Btbd17"
"52","Btg1"
"53","C630043F03Rik"
"54","Car2"
"55","Cbs"
"56","Ccdc28b"
"57","Ccdc50"
"58","Ccnl1"
"59","Ccnl2"
"60","Cd320"
"61","Cd63"
"62","Cd81"
"63","Chst2"
"64","Cib1"
"65","Ckb"
"66","Cldn10"
"67","Clk1"
"68","Clk4"
"69","Clu"
"70","Cml1"
"71","Cml5"
"72","Cmtm5"
"73","Cnn3"
"74","Cpe"
"75","Crebzf"
"76","Csdc2"
"77","Cspg5"
"78","Csrp1"
"79","Cst3"
"80","Ctsf"
"81","Cxcl14"
"82","Cyp2d22"
"83","Cyp2j9"
"84","Cyp4f15"
"85","D330023K18Rik"
"86","Dalrd3"
"87","Dancr"
"88","Dazap2"
"89","Dbi"
"90","Dcxr"
"91","Ddit4l"
"92","Ddt"
"93","Ddx17"
"94","Ddx5"
"95","Dhrs1"
"96","Dhrs7"
"97","Dio2"
"98","Dnajb9"
"99","Dnmt3a"
"100","Dolk"
"101","Dtx3"
"102","Ech1"
"103","Echs1"
"104","Eci1"
"105","Emc3"
"106","Emd"
"107","Enho"
"108","Entpd2"
"109","Etfb"
"110","F3"
"111","Fabp5"
"112","Fabp7"
"113","Fahd1"
"114","Fam107a"
"115","Fam120aos"
"116","Fam195a"
"117","Fam213a"
"118","Fam58b"
"119","Fbxl6"
"120","Fbxo2"
"121","Fbxo44"
"122","Fdps"
"123","Fgfbp3"
"124","Fgfr3"
"125","Fibp"
"126","Fjx1"
"127","Fndc4"
"128","Foxg1"
"129","Fuom"
"130","Fxyd1"
"131","Fzd2"
"132","Fzd9"
"133","G0s2"
"134","G6pc3"
"135","Gadd45g"
"136","Gale"
"137","Gas1"
"138","Gas5"
"139","Gatsl3"
"140","Gcsh"
"141","Gdpd2"
"142","Gfap"
"143","Ginm1"
"144","Gja1"
"145","Gjb6"
"146","Glmp"
"147","Glul"
"148","Gm11627"
"149","Gm266"
"150","Gm3764"
"151","Gm5617"
"152","Gm9925"
"153","Gng5"
"154","Gpaa1"
"155","Gpr37l1"
"156","Gpt"
"157","Gpx8"
"158","Grina"
"159","Gstk1"
"160","Gstm1"
"161","Gstm5"
"162","Haghl"
"163","Hddc3"
"164","Hepacam"
"165","Hes1"
"166","Hes5"
"167","Hey1"
"168","Hist1h1c"
"169","Hist1h2bc"
"170","Hist1h4h"
"171","Hist1h4i"
"172","Hmgcs1"
"173","Hmgn3"
"174","Hnrnpa2b1"
"175","Hnrnpdl"
"176","Hrsp12"
"177","Hsd17b10"
"178","Hsd3b7"
"179","Hspa2"
"180","Hspa5"
"181","Htra1"
"182","Id2"
"183","Id4"
"184","Ift27"
"185","Igfbp2"
"186","Il18"
"187","Ilk"
"188","Isca2"
"189","Ist1"
"190","Itih3"
"191","Jtb"
"192","Jun"
"193","Kansl2"
"194","Kcnk1"
"195","Lcat"
"196","Ldhb"
"197","Leng9"
"198","Lpar6"
"199","Lxn"
"200","Lypla2"
"201","Lyrm5"
"202","Mageh1"
"203","Malat1"
"204","Mat2a"
"205","Mdk"
"206","Med7"
"207","Metrn"
"208","Mfge8"
"209","Mfsd2a"
"210","Mfsd5"
"211","Mid1ip1"
"212","Miip"
"213","Mlc1"
"214","Mmd2"
"215","Mocs2"
"216","Mpv17"
"217","Mpv17l2"
"218","Mrps17"
"219","Msmo1"
"220","Mt1"
"221","Mt2"
"222","Mt3"
"223","Naprt"
"224","Nat8"
"225","Ndrg2"
"226","Ndufaf4"
"227","Neat1"
"228","Nkain4"
"229","Nr1d1"
"230","Nrarp"
"231","Nrbp2"
"232","Nsmf"
"233","Ntsr2"
"234","Nudt8"
"235","Nupr1"
"236","Oaf"
"237","Oat"
"238","Ogt"
"239","Omg"
"240","Oxld1"
"241","Pabpn1"
"242","Paqr4"
"243","Paqr7"
"244","Pbxip1"
"245","Pcyt2"
"246","Pdlim4"
"247","Pex13"
"248","Pgp"
"249","Phpt1"
"250","Phyh"
"251","Pigc"
"252","Pla2g7"
"253","Plcd4"
"254","Pmm1"
"255","Pnisr"
"256","Pnn"
"257","Pnpla2"
"258","Pnrc2"
"259","Pold4"
"260","Polr3h"
"261","Pou3f2"
"262","Pou3f3"
"263","Pou3f4"
"264","Ppap2b"
"265","Ppib"
"266","Ppox"
"267","Ppp1r14b"
"268","Ppp1r3c"
"269","Ppp1r3d"
"270","Ppp1r3g"
"271","Prdx1"
"272","Prdx6"
"273","Prkcdbp"
"274","Prnp"
"275","Prodh"
"276","Psat1"
"277","Ptn"
"278","Ptpmt1"
"279","Pts"
"280","Pttg1"
"281","Pttg1ip"
"282","Pyurf"
"283","Rab24"
"284","Rab26os"
"285","Rab34"
"286","Rbbp9"
"287","Rbm39"
"288","Rbmx"
"289","Rcn2"
"290","Rgcc"
"291","Rn7sk"
"292","Rnf113a2"
"293","Rnf215"
"294","Rnpc3"
"295","Rny1"
"296","Rny3"
"297","Rpph1"
"298","Rps6kb2"
"299","Rrs1"
"300","Rsrp1"
"301","S100a1"
"302","S100a13"
"303","S100a16"
"304","S100a6"
"305","S100b"
"306","S1pr1"
"307","Sat1"
"308","Sat2"
"309","Sc5d"
"310","Scd2"
"311","Scg3"
"312","Scp2"
"313","Sdf2"
"314","Sepp1"
"315","Sigmar1"
"316","Sirt7"
"317","Slc1a2"
"318","Slc1a3"
"319","Slc25a1"
"320","Slc25a18"
"321","Slc27a1"
"322","Slc38a3"
"323","Slc3a2"
"324","Slc48a1"
"325","Slc6a1"
"326","Slc7a10"
"327","Slc9a3r1"
"328","Slco1c1"
"329","Smpd1"
"330","Smpd2"
"331","Smpdl3a"
"332","Snapin"
"333","Snhg3"
"334","Snhg5"
"335","Snhg9"
"336","Snord104"
"337","Sod3"
"338","Son"
"339","Sox2"
"340","Sox21"
"341","Sox9"
"342","Sparcl1"
"343","Srsf1"
"344","Srsf5"
"345","Ssbp1"
"346","Ssr3"
"347","Suclg1"
"348","Sult1a1"
"349","Tcta"
"350","Thrsp"
"351","Timm21"
"352","Timp4"
"353","Tlcd1"
"354","Tmbim4"
"355","Tmed1"
"356","Tmed3"
"357","Tmed5"
"358","Tmem100"
"359","Tmem115"
"360","Tmem128"
"361","Tmem129"
"362","Tmem176a"
"363","Tmem176b"
"364","Tmem185b"
"365","Tmem229a"
"366","Tmem47"
"367","Tmem60"
"368","Tob1"
"369","Toporsos"
"370","Tpp1"
"371","Tprkb"
"372","Tril"
"373","Tsc22d4"
"374","Tspan31"
"375","Tspan7"
"376","Tst"
"377","Ttc14"
"378","Ttyh1"
"379","Tubb2b"
"380","Ubc"
"381","Utp14b"
"382","Vcam1"
"383","Vegfa"
"384","Vegfb"
"385","Vimp"
"386","Wbp1"
"387","Wdr5b"
"388","Wsb1"
"389","Yif1a"
"390","Zfp207"
"391","Zfp36l1"
"392","Zfp36l2"
"393","Zfp414"
"394","Zfp511"
"395","Zfyve21"
"396","0610037L13Rik"
"397","1700020I14Rik"
"398","1810011O10Rik"
"399","1810037I17Rik"
"400","8430408G22Rik"
"401","9430020K01Rik"
"402","AI467606"
"403","AU021092"
"404","AW112010"
"405","Abcg2"
"406","Actb"
"407","Actg1"
"408","Acvrl1"
"409","Adam15"
"410","Adamts1"
"411","Adipor1"
"412","Adrb2"
"413","Alas1"
"414","Anxa2"
"415","Anxa3"
"416","Anxa5"
"417","Ap3s1"
"418","Apold1"
"419","Aqp11"
"420","Arf6"
"421","Arhgdia"
"422","Arl2bp"
"423","Arl4a"
"424","Arl4d"
"425","Arpc1b"
"426","Arpc2"
"427","Atox1"
"428","B2m"
"429","B4galt4"
"430","BC028528"
"431","Bcam"
"432","Bnip2"
"433","Bsg"
"434","Bst2"
"435","Btg2"
"436","Car4"
"437","Cav1"
"438","Cav2"
"439","Ccdc85b"
"440","Ccnd3"
"441","Cd151"
"442","Cd34"
"443","Cd59a"
"444","Cd93"
"445","Cdc42ep1"
"446","Cdc42se1"
"447","Cdkn1a"
"448","Cdkn1c"
"449","Ceacam1"
"450","Cenpb"
"451","Cers2"
"452","Cggbp1"
"453","Chmp2a"
"454","Chrac1"
"455","Cldn5"
"456","Clec14a"
"457","Clic1"
"458","Clic4"
"459","Cnn2"
"460","Commd5"
"461","Coro1b"
"462","Cracr2b"
"463","Crip2"
"464","Ctla2a"
"465","Ctla2b"
"466","Ctnnb1"
"467","Ctsh"
"468","Cxcl12"
"469","Cxx1a"
"470","Cxx1b"
"471","Cyb5r1"
"472","Cyb5r3"
"473","Cyba"
"474","Cyr61"
"475","Ddah2"
"476","Ddx39"
"477","Degs2"
"478","Dnajb1"
"479","Dnpep"
"480","Dram2"
"481","Dusp1"
"482","Dusp23"
"483","Dusp6"
"484","Ecm1"
"485","Ecscr"
"486","Edn1"
"487","Egfl7"
"488","Eif3a"
"489","Eif3f"
"490","Elovl1"
"491","Eogt"
"492","Esam"
"493","Eva1b"
"494","F11r"
"495","Fam101b"
"496","Fam212a"
"497","Fam63a"
"498","Fbxo6"
"499","Fcgrt"
"500","Fkbp4"
"501","Foxc1"
"502","Foxf2"
"503","Foxq1"
"504","Ftl1"
"505","Fxyd5"
"506","Fzd4"
"507","Gatm"
"508","Gbp3"
"509","Gbp4"
"510","Gbp7"
"511","Gemin7"
"512","Gimap1"
"513","Gimap6"
"514","Gltp"
"515","Gm10076"
"516","Gm694"
"517","Gna11"
"518","Gnai2"
"519","Gng11"
"520","Gpcpd1"
"521","Gpr4"
"522","Gps2"
"523","Gpx1"
"524","Grap"
"525","Grasp"
"526","Gsta4"
"527","Gstm7"
"528","H3f3a"
"529","H3f3b"
"530","Herpud1"
"531","Hhex"
"532","Hilpda"
"533","Hist1h4d"
"534","Hist2h4"
"535","Hmgn1"
"536","Hrct1"
"537","Hspa1b"
"538","Hspb1"
"539","Hyal1"
"540","Hyal2"
"541","Icam2"
"542","Id1"
"543","Id3"
"544","Ier2"
"545","Ier3"
"546","Ier5l"
"547","Ifi27"
"548","Ifi35"
"549","Ifit1"
"550","Ifit3"
"551","Ifitm2"
"552","Ifitm3"
"553","Igfbp7"
"554","Igtp"
"555","Il10rb"
"556","Impdh1"
"557","Irf1"
"558","Irf2bpl"
"559","Irf7"
"560","Irf9"
"561","Irgm1"
"562","Irgm2"
"563","Isg15"
"564","Isyna1"
"565","Itm2a"
"566","Ivns1abp"
"567","Jmjd6"
"568","Jund"
"569","Kank3"
"570","Klf10"
"571","Klf2"
"572","Klf4"
"573","Klf6"
"574","Krtcap2"
"575","Kti12"
"576","Laptm4a"
"577","Leprot"
"578","Lgals9"
"579","Lims2"
"580","Lmo2"
"581","Lrp10"
"582","Lsm10"
"583","Lsm2"
"584","Lsr"
"585","Ltbp4"
"586","Ly6a"
"587","Ly6c1"
"588","Ly6e"
"589","M6pr"
"590","Mal"
"591","Mapk3"
"592","Mcl1"
"593","Mgat2"
"594","Mgp"
"595","Mif4gd"
"596","Mpzl1"
"597","Myadm"
"598","Myl12a"
"599","Myl12b"
"600","Myl6"
"601","N4bp3"
"602","Nes"
"603","Nfkbia"
"604","Nme2"
"605","Nos3"
"606","Nr1h2"
"607","Nras"
"608","Nxt1"
"609","Ost4"
"610","P4hb"
"611","Pak1ip1"
"612","Pcp4l1"
"613","Pdcl3"
"614","Pglyrp1"
"615","Pim3"
"616","Plat"
"617","Pllp"
"618","Pltp"
"619","Podxl"
"620","Pole3"
"621","Ppapdc1b"
"622","Ppapdc2"
"623","Ppdpf"
"624","Ppp1r15a"
"625","Ppp1r2"
"626","Ppp4c"
"627","Prss23"
"628","Psmb10"
"629","Psmb8"
"630","Psmb9"
"631","Psme1"
"632","Psme2"
"633","Ptma"
"634","Rab11a"
"635","Rab1b"
"636","Rac1"
"637","Ramp2"
"638","Rap1a"
"639","Rap1b"
"640","Rasd1"
"641","Rasip1"
"642","Rassf1"
"643","Rbm6"
"644","Rbm7"
"645","Rbm8a"
"646","Rce1"
"647","Rexo2"
"648","Rhoa"
"649","Rhob"
"650","Rhoc"
"651","Ric8"
"652","Rnaseh2c"
"653","Robo4"
"654","Rpl13"
"655","Rpl18"
"656","Rpl18a"
"657","Rpl38"
"658","Rpl8"
"659","Rplp0"
"660","Rps14"
"661","Rps18"
"662","Rps19"
"663","Rps20"
"664","Rps27"
"665","Rps27l"
"666","Rps4l"
"667","Rras"
"668","Rtp4"
"669","S100a11"
"670","Sdcbp"
"671","Sdpr"
"672","Serinc3"
"673","Serpinh1"
"674","Sertad1"
"675","Sft2d3"
"676","Sh3bgrl3"
"677","Shfm1"
"678","Shisa5"
"679","Sigirr"
"680","Sike1"
"681","Slc16a1"
"682","Slc16a4"
"683","Slc22a8"
"684","Slc2a1"
"685","Slc30a1"
"686","Slc31a1"
"687","Slc38a5"
"688","Slc40a1"
"689","Slc50a1"
"690","Slc52a2"
"691","Slc52a3"
"692","Slc7a5"
"693","Slc9a3r2"
"694","Slco1a4"
"695","Slfn5"
"696","Snai2"
"697","Snrpb"
"698","Snx3"
"699","Sox17"
"700","Sox18"
"701","Sox7"
"702","Sparc"
"703","Spock2"
"704","Spr"
"705","Sptssa"
"706","Srgn"
"707","Sri"
"708","Srpr"
"709","Srsf2"
"710","Srsf9"
"711","Ssrp1"
"712","St6galnac2"
"713","Stap2"
"714","Stra13"
"715","Surf4"
"716","Syf2"
"717","Syngr2"
"718","Sypl"
"719","Taf10"
"720","Taf7"
"721","Tagln2"
"722","Tapbp"
"723","Tax1bp3"
"724","Tcn2"
"725","Tdrp"
"726","Tex261"
"727","Tfrc"
"728","Thap11"
"729","Thbd"
"730","Tinagl1"
"731","Tm4sf1"
"732","Tmem123"
"733","Tmem203"
"734","Tmem204"
"735","Tmem252"
"736","Tmem88"
"737","Tmem98"
"738","Tmsb10"
"739","Tmsb4x"
"740","Tnfaip1"
"741","Tnfrsf12a"
"742","Tpm4"
"743","Tpra1"
"744","Tprgl"
"745","Trim47"
"746","Tsc22d1"
"747","Tspan13"
"748","Tspo"
"749","Txndc17"
"750","Txnip"
"751","Ube2d3"
"752","Ubxn1"
"753","Ucp2"
"754","Ushbp1"
"755","Vamp3"
"756","Vamp8"
"757","Vim"
"758","Vwa1"
"759","Wdr46"
"760","Wfdc1"
"761","Xaf1"
"762","Ybx1"
"763","Zfp358"
"764","Zfp422"
"765","Zfp830"
"766","1110008P14Rik"
"767","2010107G23Rik"
"768","2610524H06Rik"
"769","2810029C07Rik"
"770","2900055J20Rik"
"771","6330403K07Rik"
"772","A430005L14Rik"
"773","A830010M20Rik"
"774","AI593442"
"775","Abhd17a"
"776","Abhd8"
"777","Acd"
"778","Ackr1"
"779","Acta1"
"780","Actr1b"
"781","Ap1s1"
"782","Apbb1"
"783","Aplp1"
"784","Apoo"
"785","Arc"
"786","Arf5"
"787","Arfip2"
"788","Arl1"
"789","Arpc5"
"790","Arpc5l"
"791","Arpp19"
"792","Atp1a1"
"793","Atp6v1b2"
"794","Atp6v1d"
"795","B4galnt1"
"796","Bag5"
"797","Bex2"
"798","Bhlhe22"
"799","Bod1"
"800","C1qtnf4"
"801","Calb1"
"802","Calm1"
"803","Calm2"
"804","Calm3"
"805","Caly"
"806","Camk2n1"
"807","Camk2n2"
"808","Camkv"
"809","Capza2"
"810","Car11"
"811","Cck"
"812","Cckbr"
"813","Cdk5r1"
"814","Cdr1"
"815","Chgb"
"816","Chn1"
"817","Chpf"
"818","Chst1"
"819","Cinp"
"820","Cited4"
"821","Coro1a"
"822","Cplx2"
"823","Cpne6"
"824","Ctxn1"
"825","Cx3cl1"
"826","Cyp46a1"
"827","Dbpht2"
"828","Ddn"
"829","Ddx28"
"830","Dusp14"
"831","Dusp26"
"832","Dynll1"
"833","E130012A19Rik"
"834","Egr4"
"835","Eif4a1"
"836","Emc4"
"837","Enc1"
"838","Ensa"
"839","F8a"
"840","Fabp3"
"841","Fam131a"
"842","Fam134a"
"843","Fam213b"
"844","Fam84a"
"845","Fbxl15"
"846","Fbxl16"
"847","Fgfr1op2"
"848","Fkbp1a"
"849","Fxyd7"
"850","Gabra1"
"851","Gabrd"
"852","Gadd45b"
"853","Gfra4"
"854","Gm10419"
"855","Gm11549"
"856","Gmppb"
"857","Gng13"
"858","Gpr22"
"859","Gpr85"
"860","Gpr88"
"861","H2afx"
"862","Hist3h2ba"
"863","Hn1"
"864","Hpca"
"865","Hpcal4"
"866","Hras"
"867","Hspb3"
"868","Icam5"
"869","Ift20"
"870","Ift22"
"871","Igfbp6"
"872","Itm2c"
"873","Itpa"
"874","Itpka"
"875","Kcnf1"
"876","Kcnv1"
"877","Kifc2"
"878","Klhdc3"
"879","Lamp5"
"880","Limd2"
"881","Lin37"
"882","Lin7b"
"883","Lmo4"
"884","Lpcat4"
"885","Lrrc57"
"886","Ly6h"
"887","Mal2"
"888","Mapk1"
"889","Mapk11"
"890","Mat2b"
"891","Matk"
"892","Minpp1"
"893","Mir22hg"
"894","Mkrn1"
"895","Mlf2"
"896","Mlx"
"897","Mpc2"
"898","Mrpl16"
"899","Mtch1"
"900","Mtfp1"
"901","Mtpn"
"902","Nap1l1"
"903","Napa"
"904","Nat14"
"905","Ncdn"
"906","Nefl"
"907","Nefm"
"908","Neu1"
"909","Neurod1"
"910","Nhp2"
"911","Nhp2l1"
"912","Nlk"
"913","Nov"
"914","Nptn"
"915","Nptx2"
"916","Nrgn"
"917","Nrn1"
"918","Nsg1"
"919","Ociad2"
"920","Olfm1"
"921","Pard6a"
"922","Pdp1"
"923","Pea15a"
"924","Pim2"
"925","Pin1"
"926","Pld3"
"927","Plk2"
"928","Pnmal2"
"929","Polr2e"
"930","Pop5"
"931","Ppp1r1a"
"932","Ppp2ca"
"933","Ppp3r1"
"934","Prrt1"
"935","Prrt2"
"936","Ptgs2"
"937","Ptms"
"938","R3hdm4"
"939","Rasl10a"
"940","Rasl11b"
"941","Rbbp7"
"942","Rgs4"
"943","Rheb"
"944","Rnd1"
"945","Rnf112"
"946","Rnf208"
"947","Rpl29"
"948","Rprml"
"949","Rpusd1"
"950","Rtn1"
"951","Rundc3a"
"952","Scg5"
"953","Scn1b"
"954","Sept5"
"955","Sh3glb2"
"956","Slc17a7"
"957","Slc7a4"
"958","Smim7"
"959","Snap25"
"960","Snapc2"
"961","Snhg6"
"962","Sowaha"
"963","Spata2l"
"964","Spcs3"
"965","Sprn"
"966","Stk19"
"967","Stmn4"
"968","Stx1a"
"969","Sub1"
"970","Syt4"
"971","Syt5"
"972","Tfdp1"
"973","Tmem107"
"974","Tmem151a"
"975","Tmem158"
"976","Tmem191c"
"977","Tmem198"
"978","Tmem215"
"979","Tmem246"
"980","Tmem30a"
"981","Tmem35"
"982","Tmem59l"
"983","Tpgs1"
"984","Tpt1"
"985","Tsnax"
"986","Ttc3"
"987","Tuba4a"
"988","Tubg2"
"989","Ubald1"
"990","Ubl4"
"991","Uchl1"
"992","Vma21"
"993","Vti1b"
"994","Wbp2"
"995","Yrdc"
"996","Ywhae"
"997","Ywhah"
"998","Ywhaz"
"999","Zbtb18"
"1000","Zfand5"
"1001","Zfp148"
"1002","Zfp580"
"1003","Zmat2"
"1004","Znhit3"
"1005","2510002D24Rik"
"1006","2900097C17Rik"
"1007","4933439C10Rik"
"1008","5730409E04Rik"
"1009","9330151L19Rik"
"1010","AI837181"
"1011","Adcyap1"
"1012","Adrb1"
"1013","Akap5"
"1014","Arf3"
"1015","Arhgef25"
"1016","Atp2a2"
"1017","Atp6v1g1"
"1018","Atxn7l3b"
"1019","Avpi1"
"1020","B230217C12Rik"
"1021","B3galnt1"
"1022","B3gat3"
"1023","BC030499"
"1024","Cbln4"
"1025","Cbx6"
"1026","Ccdc124"
"1027","Ccl27a"
"1028","Ccng1"
"1029","Chd3os"
"1030","Clip3"
"1031","Csnk2b"
"1032","Ddrgk1"
"1033","Dkkl1"
"1034","Dmtn"
"1035","Dnajb5"
"1036","Dnm1"
"1037","Dos"
"1038","Egr1"
"1039","Fam43b"
"1040","Fmnl1"
"1041","Galt"
"1042","Gm17322"
"1043","Gnb2"
"1044","Gpr12"
"1045","Hmgb1"
"1046","Hnrnpa0"
"1047","Hnrnpu"
"1048","Hsph1"
"1049","Idh3g"
"1050","Ier5"
"1051","Kcnj9"
"1052","Krt12"
"1053","Llph"
"1054","Lrrc4"
"1055","Lynx1"
"1056","Lzts3"
"1057","Marcks"
"1058","Meg3"
"1059","Miat"
"1060","Mir6240"
"1061","Napb"
"1062","Ndfip1"
"1063","Neurod2"
"1064","Neurod6"
"1065","Nkiras1"
"1066","Nptx1"
"1067","Nrep"
"1068","Nrsn1"
"1069","Nudt4"
"1070","Otud1"
"1071","Peg13"
"1072","Polr2i"
"1073","Polr2l"
"1074","Pomp"
"1075","Ptprn"
"1076","Pura"
"1077","Purb"
"1078","R3hdm1"
"1079","Rab6a"
"1080","Reep2"
"1081","Rpl12"
"1082","S100a10"
"1083","Sac3d1"
"1084","Sepw1"
"1085","Sfxn3"
"1086","Snhg11"
"1087","Sowahb"
"1088","Spsb3"
"1089","Stmn1"
"1090","Stxbp1"
"1091","Syp"
"1092","Tagln3"
"1093","Tceal6"
"1094","Thap7"
"1095","Thy1"
"1096","Tmem145"
"1097","Trim32"
"1098","Tspyl1"
"1099","Tspyl5"
"1100","Ubqln2"
"1101","Uqcc2"
"1102","Usf2"
"1103","Vgf"
"1104","Ywhag"
"1105","Zfp281"
"1106","Zranb2"
"1107","3110035E14Rik"
"1108","Aldoa"
"1109","Ap2m1"
"1110","Ap2s1"
"1111","Arhgdig"
"1112","Arhgef4"
"1113","Arl8a"
"1114","Atp6v0e2"
"1115","Atp6v1a"
"1116","Atp6v1c1"
"1117","Atp6v1g2"
"1118","Atpif1"
"1119","Basp1"
"1120","Bnip3"
"1121","Cdipt"
"1122","Cep19"
"1123","Cfl1"
"1124","Chchd10"
"1125","Chga"
"1126","Cnih2"
"1127","Cplx1"
"1128","Cuedc2"
"1129","Cyth2"
"1130","Dctn3"
"1131","Dohh"
"1132","Efhd2"
"1133","Eid1"
"1134","Eid2"
"1135","Eno1"
"1136","Eno2"
"1137","Fam103a1"
"1138","Fastk"
"1139","Fezf2"
"1140","Fkbp3"
"1141","Gabarapl1"
"1142","Gde1"
"1143","Gng3"
"1144","Got2"
"1145","Idh3a"
"1146","Klc1"
"1147","Klhdc2"
"1148","Ldha"
"1149","Map1lc3a"
"1150","Marcksl1"
"1151","Mcts1"
"1152","Mff"
"1153","Mgst3"
"1154","Mif"
"1155","Nap1l2"
"1156","Ndnl2"
"1157","Ndrg3"
"1158","Ndrg4"
"1159","Nme1"
"1160","Nudt18"
"1161","Pcp4"
"1162","Pgk1"
"1163","Polr3k"
"1164","Ppia"
"1165","Prelid1"
"1166","Rab26"
"1167","Rab3a"
"1168","Rprm"
"1169","Serinc1"
"1170","Shisa4"
"1171","Slc25a22"
"1172","Snap47"
"1173","Snca"
"1174","Sncb"
"1175","Sstr2"
"1176","Stmn2"
"1177","Stmn3"
"1178","Sult4a1"
"1179","Tcf25"
"1180","Tmem160"
"1181","Tmem25"
"1182","Tmem42"
"1183","Tpi1"
"1184","Ttc9b"
"1185","Tubb3"
"1186","Tubb4a"
"1187","Tubb4b"
"1188","Tubb5"
"1189","Tusc2"
"1190","Usp14"
"1191","Vamp2"
"1192","Ypel3"
"1193","1110032F04Rik"
"1194","1500011K16Rik"
"1195","1700037H04Rik"
"1196","2010107E04Rik"
"1197","2310033P09Rik"
"1198","2310061I04Rik"
"1199","2410015M20Rik"
"1200","AI413582"
"1201","Acot13"
"1202","Arl16"
"1203","Arl6ip4"
"1204","Atg101"
"1205","Atp1a3"
"1206","Atp1b1"
"1207","Atp5b"
"1208","Atp5d"
"1209","Atp5f1"
"1210","Atp5g1"
"1211","Atp5g3"
"1212","Atp5j2"
"1213","Atp5k"
"1214","Atp5o"
"1215","B3galt2"
"1216","Bscl2"
"1217","Cdk5"
"1218","Cdkn2d"
"1219","Cend1"
"1220","Ckmt1"
"1221","Cox5a"
"1222","Cox5b"
"1223","Cox6c"
"1224","Cox7b"
"1225","Crym"
"1226","Cyb561"
"1227","Cyc1"
"1228","Cycs"
"1229","Dld"
"1230","Dynlt3"
"1231","Eif1ad"
"1232","Emc9"
"1233","Esd"
"1234","Fam216a"
"1235","Fcor"
"1236","Gap43"
"1237","Glrx2"
"1238","Gm10250"
"1239","Gm1673"
"1240","Gnb5"
"1241","Got1"
"1242","Guk1"
"1243","Hagh"
"1244","Hsp90aa1"
"1245","Idh3b"
"1246","Igfbp4"
"1247","Ina"
"1248","Isca1"
"1249","Map1b"
"1250","Mdh1"
"1251","Mdh2"
"1252","Mllt11"
"1253","Mrpl12"
"1254","Mrpl44"
"1255","Mrpl46"
"1256","Mrps2"
"1257","Ndufa10"
"1258","Ndufa11"
"1259","Ndufa9"
"1260","Ndufab1"
"1261","Ndufb3"
"1262","Ndufb5"
"1263","Ndufb8"
"1264","Ndufs3"
"1265","Ndufv1"
"1266","Ndufv2"
"1267","Nrsn2"
"1268","Nudt19"
"1269","Pdcd6"
"1270","Pdha1"
"1271","Pdhb"
"1272","Pgam1"
"1273","Pkm"
"1274","Pnpo"
"1275","Polr2h"
"1276","Pou3f1"
"1277","Prdx3"
"1278","Prepl"
"1279","Prkcg"
"1280","Ptges2"
"1281","Rabggta"
"1282","Rgs19"
"1283","Rwdd2a"
"1284","Sdhb"
"1285","Sdr39u1"
"1286","Slc25a11"
"1287","Slc25a3"
"1288","Slc5a5"
"1289","Smim12"
"1290","Sucla2"
"1291","Timm17a"
"1292","Timm8b"
"1293","Tmem147"
"1294","Tmx2"
"1295","Tram1l1"
"1296","Trappc2l"
"1297","Tspan6"
"1298","Uqcr10"
"1299","Uqcr11"
"1300","Uqcrc1"
"1301","Uqcrc2"
"1302","Uqcrfs1"
"1303","Usmg5"
"1304","Vdac1"
"1305","Vps29"
"1306","Znhit1"
"1307","4833439L19Rik"
"1308","Arpc1a"
"1309","Arpc3"
"1310","Atp6ap2"
"1311","B4gat1"
"1312","Brk1"
"1313","Cisd3"
"1314","Gadd45a"
"1315","Gmfb"
"1316","Gpi1"
"1317","Hsp90ab1"
"1318","Kcna1"
"1319","Lrrtm2"
"1320","Lsm8"
"1321","Ly6d"
"1322","Med10"
"1323","Mien1"
"1324","Ndfip2"
"1325","Ndufa5"
"1326","Necab3"
"1327","Npdc1"
"1328","Ogfrl1"
"1329","Ppp1ca"
"1330","Ppp1r1b"
"1331","Psip1"
"1332","Rogdi"
"1333","Sept3"
"1334","Sept7"
"1335","Tbcc"
"1336","Tbr1"
"1337","Tmem38a"
"1338","Tpbg"
"1339","1810026J23Rik"
"1340","Ankrd46"
"1341","Aprt"
"1342","Arl6ip1"
"1343","Gng2"
"1344","Hsbp1"
"1345","Kctd6"
"1346","Necap1"
"1347","Nicn1"
"1348","Nnat"
"1349","Pdrg1"
"1350","Scg2"
"1351","Ywhab"
"1352","1500011B03Rik"
"1353","2210016L21Rik"
"1354","Aimp2"
"1355","Alg2"
"1356","Arxes1"
"1357","Atp6ap1"
"1358","Atp6v1e1"
"1359","Bag1"
"1360","Bloc1s2"
"1361","Camk1"
"1362","Ccdc47"
"1363","Cct8"
"1364","Cd164"
"1365","Cd200"
"1366","Cisd1"
"1367","Cited2"
"1368","Cldnd1"
"1369","Cltb"
"1370","Cmas"
"1371","Cops5"
"1372","Cplx3"
"1373","Ctgf"
"1374","Cxx1c"
"1375","Cyb5a"
"1376","Dcaf12l1"
"1377","Dnaja1"
"1378","Drd1"
"1379","Dynlrb1"
"1380","Eid2b"
"1381","Emc7"
"1382","Enpp5"
"1383","Fam136a"
"1384","Gdi1"
"1385","Hmgb3"
"1386","Hprt"
"1387","Impact"
"1388","Izumo4"
"1389","Kbtbd4"
"1390","Ly6g6e"
"1391","Mcfd2"
"1392","Morf4l2"
"1393","Mpi"
"1394","Mrpl49"
"1395","Ndn"
"1396","Ngfrap1"
"1397","Nr4a2"
"1398","Nt5c"
"1399","Nxph3"
"1400","Pfn2"
"1401","Pgrmc1"
"1402","Phyhipl"
"1403","Pithd1"
"1404","Pnck"
"1405","Prdx5"
"1406","Prps1"
"1407","Psma4"
"1408","Psmc2"
"1409","Psmc6"
"1410","Psmd12"
"1411","Rab3b"
"1412","Rnf14"
"1413","Scoc"
"1414","Serpini1"
"1415","Srp9"
"1416","Syngr3"
"1417","Syt11"
"1418","Tmem50a"
"1419","Tmem70"
"1420","Tnmd"
"1421","Trappc5"
"1422","Trh"
"1423","Tuba1a"
"1424","Tubb2a"
"1425","Ube2a"
"1426","Znhit2"
"1427","Zwint"
"1428","1110012L19Rik"
"1429","2410002F23Rik"
"1430","2700094K13Rik"
"1431","Ache"
"1432","Ap1s2"
"1433","Apex1"
"1434","Aplp2"
"1435","Arl4c"
"1436","Armcx1"
"1437","Atat1"
"1438","B3galt6"
"1439","B630019K06Rik"
"1440","BC029722"
"1441","BC030500"
"1442","Bex1"
"1443","Bex4"
"1444","Blcap"
"1445","Cbr1"
"1446","Ccnh"
"1447","Cct3"
"1448","Chchd4"
"1449","Clpp"
"1450","Cnr1"
"1451","Coprs"
"1452","Cops7a"
"1453","Cox6a2"
"1454","Dlx1as"
"1455","Dnajc9"
"1456","Eif1b"
"1457","Epm2aip1"
"1458","Fam173a"
"1459","Fam46a"
"1460","Gaa"
"1461","Gad1"
"1462","Gad2"
"1463","Gnl3"
"1464","Gprasp2"
"1465","Gspt2"
"1466","Gsto1"
"1467","Gtf2h5"
"1468","Hnrnpa1"
"1469","Hnrnpc"
"1470","Hnrnph2"
"1471","Hspa9"
"1472","Hspe1"
"1473","Igsf8"
"1474","Ik"
"1475","Ilf2"
"1476","Inafm1"
"1477","Lancl1"
"1478","Lsm3"
"1479","Maf"
"1480","Maged1"
"1481","Magee2"
"1482","Matr3"
"1483","Mea1"
"1484","Med22"
"1485","Mia"
"1486","Morf4l1"
"1487","Mrpl52"
"1488","Nagk"
"1489","Nap1l3"
"1490","Nap1l5"
"1491","Nars"
"1492","Ndufa4"
"1493","Ngrn"
"1494","Nop16"
"1495","Npy"
"1496","Nrip3"
"1497","Pafah1b3"
"1498","Paip2"
"1499","Pcsk1n"
"1500","Pdzd11"
"1501","Pebp1"
"1502","Pink1"
"1503","Pnoc"
"1504","Ppp2r1a"
"1505","Praf2"
"1506","Prdx2"
"1507","Prr13"
"1508","Rac3"
"1509","Rasl11a"
"1510","Resp18"
"1511","Rnf113a1"
"1512","Rpl21"
"1513","Rpl3"
"1514","Rpp25"
"1515","Sars"
"1516","Sephs2"
"1517","Sf3b6"
"1518","Sqstm1"
"1519","Srm"
"1520","Sumo3"
"1521","Sv2a"
"1522","Tceal1"
"1523","Tceal5"
"1524","Tceal8"
"1525","Tmem130"
"1526","Tmem55b"
"1527","Tomm40l"
"1528","Tspyl2"
"1529","Tspyl4"
"1530","Unc119"
"1531","Use1"
"1532","Vbp1"
"1533","Vstm2a"
"1534","Wdr6"
"1535","Ypel5"
"1536","Zcchc12"
"1537","Zcchc18"
"1538","1110059G10Rik"
"1539","1700017B05Rik"
"1540","2210016F16Rik"
"1541","2410006H16Rik"
"1542","AF251705"
"1543","Abi3"
"1544","Aif1"
"1545","Alox5ap"
"1546","Ang"
"1547","Arhgdib"
"1548","Arrb2"
"1549","Asah1"
"1550","Aup1"
"1551","BC017643"
"1552","Bcl2a1b"
"1553","Bloc1s4"
"1554","C1qa"
"1555","C1qb"
"1556","C1qc"
"1557","C3ar1"
"1558","C5ar1"
"1559","Cbr2"
"1560","Ccdc23"
"1561","Ccl12"
"1562","Ccl3"
"1563","Ccl6"
"1564","Ccl9"
"1565","Ccr5"
"1566","Cd14"
"1567","Cd33"
"1568","Cd37"
"1569","Cd52"
"1570","Cd53"
"1571","Cd68"
"1572","Cd9"
"1573","Cdk2ap2"
"1574","Cdk9"
"1575","Cebpa"
"1576","Cebpb"
"1577","Cebpzos"
"1578","Clec10a"
"1579","Clec4a3"
"1580","Clec5a"
"1581","Clta"
"1582","Cmtm6"
"1583","Coasy"
"1584","Commd8"
"1585","Comt"
"1586","Creg1"
"1587","Creld2"
"1588","Crybb1"
"1589","Csf1r"
"1590","Ctsa"
"1591","Ctsb"
"1592","Ctsc"
"1593","Ctsd"
"1594","Ctsl"
"1595","Ctss"
"1596","Ctsz"
"1597","Cx3cr1"
"1598","Ddx3x"
"1599","Dnase2a"
"1600","Eef1a1"
"1601","Erp29"
"1602","Evi2a"
"1603","Fam105a"
"1604","Fam167b"
"1605","Fam50a"
"1606","Fam89b"
"1607","Fau"
"1608","Fcer1g"
"1609","Fcgr1"
"1610","Fcgr2b"
"1611","Fcgr3"
"1612","Fcrls"
"1613","Fgd2"
"1614","Fos"
"1615","G530011O06Rik"
"1616","Gal3st4"
"1617","Gba"
"1618","Gdi2"
"1619","Gm10269"
"1620","Gm14023"
"1621","Gm9843"
"1622","Gng10"
"1623","Gngt2"
"1624","Gp9"
"1625","Gpr34"
"1626","Gpsm3"
"1627","Grn"
"1628","Gsdmd"
"1629","Gusb"
"1630","H1f0"
"1631","Hcst"
"1632","Hexa"
"1633","Hexb"
"1634","Hfe"
"1635","Hist1h1e"
"1636","Hist1h2ae"
"1637","Hist2h2bb"
"1638","Hmha1"
"1639","Hpgd"
"1640","Hpgds"
"1641","Hspa1a"
"1642","Ifngr1"
"1643","Il10ra"
"1644","Il1a"
"1645","Irf2bp2"
"1646","Irf5"
"1647","Itm2b"
"1648","Junb"
"1649","Kctd12"
"1650","Lamp1"
"1651","Lamtor4"
"1652","Laptm5"
"1653","Lgmn"
"1654","Lrrc3"
"1655","Lst1"
"1656","Ltc4s"
"1657","Ly86"
"1658","Lyz2"
"1659","Mafb"
"1660","Man2b1"
"1661","Med11"
"1662","Mpeg1"
"1663","Mplkip"
"1664","Ms4a6b"
"1665","Myd88"
"1666","Ncf1"
"1667","Ninj1"
"1668","Npc2"
"1669","Nrm"
"1670","Nudt16l1"
"1671","Olfml3"
"1672","Ormdl2"
"1673","P2ry12"
"1674","P2ry13"
"1675","Pf4"
"1676","Pfn1"
"1677","Pld4"
"1678","Plekho1"
"1679","Pnp"
"1680","Pnrc1"
"1681","Prorsd1"
"1682","Psenen"
"1683","Psme2b"
"1684","Ptpn18"
"1685","Pycard"
"1686","Rdm1"
"1687","Renbp"
"1688","Rgs10"
"1689","Rgs2"
"1690","Rhog"
"1691","Rnase4"
"1692","Rnf167"
"1693","Rpl10"
"1694","Rpl11"
"1695","Rpl13a"
"1696","Rpl23a"
"1697","Rpl30"
"1698","Rpl32"
"1699","Rpl35"
"1700","Rpl36"
"1701","Rpl37"
"1702","Rpl37a"
"1703","Rpl39"
"1704","Rpl7"
"1705","Rplp1"
"1706","Rps10"
"1707","Rps11"
"1708","Rps12"
"1709","Rps15a"
"1710","Rps16"
"1711","Rps2"
"1712","Rps23"
"1713","Rps25"
"1714","Rps27a"
"1715","Rps27rt"
"1716","Rps28"
"1717","Rps29"
"1718","Rps4x"
"1719","Rps9"
"1720","Scamp2"
"1721","Scarna2"
"1722","Sdf2l1"
"1723","Sec11c"
"1724","Selplg"
"1725","Serp1"
"1726","Sgk1"
"1727","Siglech"
"1728","Skiv2l"
"1729","Slc11a1"
"1730","Slc25a45"
"1731","Slc2a5"
"1732","Slc35b2"
"1733","Slfn2"
"1734","Snrpb2"
"1735","Snx17"
"1736","Snx5"
"1737","Socs3"
"1738","Sowahc"
"1739","Sox4"
"1740","Srsf6"
"1741","Susd3"
"1742","Tgfbr1"
"1743","Tifa"
"1744","Tifab"
"1745","Tmem119"
"1746","Tmem141"
"1747","Tmem14c"
"1748","Tmem173"
"1749","Tmem37"
"1750","Tmem86a"
"1751","Tnfaip8l2"
"1752","Tor1b"
"1753","Trem2"
"1754","Trex1"
"1755","Trf"
"1756","Twf2"
"1757","Tyrobp"
"1758","Unc93b1"
"1759","Vkorc1"
"1760","Zfp36"
"1761","1110004F10Rik"
"1762","2210013O21Rik"
"1763","A230050P20Rik"
"1764","Aes"
"1765","Amigo2"
"1766","Apoa1bp"
"1767","Asns"
"1768","Atf4"
"1769","Cacybp"
"1770","Cbln2"
"1771","Ccdc184"
"1772","Cd24a"
"1773","Chac1"
"1774","Chchd1"
"1775","Chordc1"
"1776","Coa3"
"1777","Cstf2t"
"1778","Ddx24"
"1779","Diras2"
"1780","Dnaja2"
"1781","Dnajc30"
"1782","Dusp28"
"1783","Efr3a"
"1784","Eif1"
"1785","Emc10"
"1786","Ephx4"
"1787","Faim2"
"1788","Fkbp1b"
"1789","Fkbp2"
"1790","Ghitm"
"1791","Gm15706"
"1792","H1fx"
"1793","Hax1"
"1794","Hist3h2a"
"1795","Hmga1"
"1796","Hmgn2"
"1797","Hnrnph1"
"1798","Il11ra1"
"1799","Lage3"
"1800","Lysmd2"
"1801","Magee1"
"1802","Mdp1"
"1803","Mrpl40"
"1804","Myl4"
"1805","Mzt1"
"1806","Nabp2"
"1807","Ndufs8"
"1808","Nme3"
"1809","Nop56"
"1810","Nudt16"
"1811","Oaz1"
"1812","Ogfod2"
"1813","Otub1"
"1814","Polr2g"
"1815","Polr2m"
"1816","Pqbp1"
"1817","Rabggtb"
"1818","Rps24"
"1819","Rtn3"
"1820","Sdha"
"1821","Sec62"
"1822","Selm"
"1823","Slc20a1"
"1824","Slc22a17"
"1825","Slc35b1"
"1826","Slc7a3"
"1827","Snrpd1"
"1828","Sod1"
"1829","Stxbp2"
"1830","Tecr"
"1831","Tmem159"
"1832","Trp53i11"
"1833","Tubg1"
"1834","Uqcrq"
"1835","Urod"
"1836","Wbp5"
"1837","Zfp260"
"1838","Zfp637"
"1839","0610007P14Rik"
"1840","0610009B22Rik"
"1841","1110038F14Rik"
"1842","1700047M11Rik"
"1843","2610001J05Rik"
"1844","2810468N07Rik"
"1845","Adh5"
"1846","Adi1"
"1847","Adm"
"1848","Ado"
"1849","Alyref"
"1850","Alyref2"
"1851","Apod"
"1852","Arl2"
"1853","Arrdc2"
"1854","Arrdc3"
"1855","Aspa"
"1856","Atp1b3"
"1857","Bax"
"1858","Bcap31"
"1859","Bet1"
"1860","Bola2"
"1861","Bpgm"
"1862","Btf3"
"1863","C1ql1"
"1864","Car14"
"1865","Ccdc115"
"1866","Ccnb2"
"1867","Cdc42ep2"
"1868","Cdk4"
"1869","Cdo1"
"1870","Cfl2"
"1871","Cldn11"
"1872","Cnp"
"1873","Cnpy2"
"1874","Commd3"
"1875","Commd6"
"1876","Cryab"
"1877","Cstb"
"1878","Dad1"
"1879","Dbndd2"
"1880","Deb1"
"1881","Degs1"
"1882","Desi1"
"1883","Dnajb2"
"1884","Ebp"
"1885","Efnb3"
"1886","Enpp2"
"1887","Ermn"
"1888","Fam96b"
"1889","Fez1"
"1890","Fis1"
"1891","Fnta"
"1892","Fth1"
"1893","Gal3st1"
"1894","Gamt"
"1895","Gjb1"
"1896","Gjc2"
"1897","Gjc3"
"1898","Golga7"
"1899","Gpd1"
"1900","Gpr17"
"1901","Gpr37"
"1902","Gpr62"
"1903","Gsn"
"1904","Gstp1"
"1905","H2afj"
"1906","Hapln2"
"1907","Il33"
"1908","Imp3"
"1909","Ing4"
"1910","Josd2"
"1911","Kctd13"
"1912","Kctd4"
"1913","Klk6"
"1914","Lap3"
"1915","Lgi3"
"1916","Litaf"
"1917","Mag"
"1918","Map6d1"
"1919","Mbp"
"1920","Mcam"
"1921","Med21"
"1922","Mettl23"
"1923","Mobp"
"1924","Mog"
"1925","Mrpl33"
"1926","Mrpl48"
"1927","Mrps18c"
"1928","Ndufa3"
"1929","Neu4"
"1930","Nhlrc1"
"1931","Nmral1"
"1932","Nol7"
"1933","Nubp2"
"1934","Olig1"
"1935","Olig2"
"1936","Opalin"
"1937","Pcbp4"
"1938","Pdgfra"
"1939","Pdlim2"
"1940","Pet100"
"1941","Phf5a"
"1942","Phlda1"
"1943","Phlda3"
"1944","Pigyl"
"1945","Plekhb1"
"1946","Plekhf1"
"1947","Plp1"
"1948","Polr3e"
"1949","Pop4"
"1950","Ppp1r14a"
"1951","Prr18"
"1952","Ptgds"
"1953","Pycr2"
"1954","Qdpr"
"1955","Reep5"
"1956","Rer1"
"1957","Rlbp1"
"1958","Rnf13"
"1959","Rnf181"
"1960","Rnf5"
"1961","Rnf7"
"1962","Rpp25l"
"1963","S1pr5"
"1964","Sap30"
"1965","Sbds"
"1966","Scamp3"
"1967","Sccpdh"
"1968","Scnm1"
"1969","Scrg1"
"1970","Selk"
"1971","Sep15"
"1972","Sept4"
"1973","Serpinb1a"
"1974","Serpine2"
"1975","Sgcb"
"1976","Sirt2"
"1977","Slc38a2"
"1978","Smco3"
"1979","Smdt1"
"1980","Smim1"
"1981","Smim15"
"1982","Snx22"
"1983","Sox10"
"1984","Sox8"
"1985","Spcs1"
"1986","Spry1"
"1987","Srp14"
"1988","Taldo1"
"1989","Tgoln1"
"1990","Thumpd1"
"1991","Tm2d2"
"1992","Tmbim1"
"1993","Tmbim6"
"1994","Tmed7"
"1995","Tmem121"
"1996","Tmem125"
"1997","Tmem134"
"1998","Tmem205"
"1999","Tmem256"
"2000","Tmem258"
"2001","Tmem59"
"2002","Tmem88b"
"2003","Tmem9b"
"2004","Tnfaip6"
"2005","Tppp3"
"2006","Tprn"
"2007","Triap1"
"2008","Trim13"
"2009","Trim59"
"2010","Trmt2a"
"2011","Tspan2"
"2012","Ube2c"
"2013","Unc50"
"2014","Ywhaq"
"2015","1110065P20Rik"
"2016","Atp5a1"
"2017","Atp5c1"
"2018","Atp5h"
"2019","Atp5j"
"2020","Atp5sl"
"2021","B930041F14Rik"
"2022","Cartpt"
"2023","Cdip1"
"2024","Cenpa"
"2025","Cirbp"
"2026","Comtd1"
"2027","Copg1"
"2028","Cort"
"2029","Cox4i1"
"2030","Cox6a1"
"2031","Cox6b1"
"2032","Cox7a2"
"2033","Cox7c"
"2034","Crhbp"
"2035","Ddit3"
"2036","Drap1"
"2037","Eef1e1"
"2038","Extl2"
"2039","Fndc5"
"2040","Gapdh"
"2041","Glrx5"
"2042","Gm11273"
"2043","Gm13889"
"2044","H2afz"
"2045","Higd1a"
"2046","Hint1"
"2047","Hspd1"
"2048","Iscu"
"2049","Kcnab3"
"2050","Kctd17"
"2051","Lgals1"
"2052","Lsm4"
"2053","Maged2"
"2054","Map1lc3b"
"2055","Mpc1"
"2056","Mrpl18"
"2057","Mrpl34"
"2058","Mrpl42"
"2059","Mrps36"
"2060","Msantd4"
"2061","Naa20"
"2062","Ndufa12"
"2063","Ndufa6"
"2064","Ndufa8"
"2065","Ndufb10"
"2066","Ndufb11"
"2067","Ndufb2"
"2068","Ndufb6"
"2069","Ndufb7"
"2070","Ndufb9"
"2071","Ndufc1"
"2072","Ndufc2"
"2073","Ndufs2"
"2074","Ndufs5"
"2075","Ndufs6"
"2076","Ndufs7"
"2077","Ndufv3"
"2078","Nog"
"2079","Oaz2"
"2080","Pagr1a"
"2081","Paics"
"2082","Pitpna"
"2083","Poldip2"
"2084","Ppif"
"2085","Pvalb"
"2086","Rbp4"
"2087","Rell2"
"2088","Rnd2"
"2089","Rnf187"
"2090","Samd10"
"2091","Sdhd"
"2092","Slc25a39"
"2093","Slc25a4"
"2094","Slc25a5"
"2095","Snhg4"
"2096","Srxn1"
"2097","Stip1"
"2098","Tac1"
"2099","Tcap"
"2100","Th"
"2101","Thoc7"
"2102","Timm10"
"2103","Tmub1"
"2104","Tomm5"
"2105","Tufm"
"2106","Ube2m"
"2107","Uqcrh"
"2108","Vamp1"
"2109","Vdac2"
"2110","Vdac3"
"2111","0610009L18Rik"
"2112","2200002D01Rik"
"2113","2810428I15Rik"
"2114","Ackr3"
"2115","Acta2"
"2116","Anxa1"
"2117","Aspn"
"2118","Atf5"
"2119","B230219D22Rik"
"2120","Banf1"
"2121","Bckdk"
"2122","Bgn"
"2123","Cald1"
"2124","Ccdc107"
"2125","Ccnd2"
"2126","Cd248"
"2127","Cdc42ep3"
"2128","Copz2"
"2129","Cox8a"
"2130","Crip1"
"2131","Crispld2"
"2132","Csrp2"
"2133","Dctn6"
"2134","Des"
"2135","Dmpk"
"2136","Dstn"
"2137","Eef2"
"2138","Emp3"
"2139","Errfi1"
"2140","Fam122a"
"2141","Fam26e"
"2142","Flna"
"2143","Gja4"
"2144","Gjc1"
"2145","Gm13861"
"2146","Gm6563"
"2147","Gm8186"
"2148","Gm8730"
"2149","Gper1"
"2150","Hcfc1r1"
"2151","Heyl"
"2152","Higd1b"
"2153","Hspb2"
"2154","Hspb6"
"2155","Idh2"
"2156","Itgb1"
"2157","Kcna5"
"2158","Kcne4"
"2159","Lamb2"
"2160","Lin7c"
"2161","Lrrc10b"
"2162","Maf1"
"2163","Marveld1"
"2164","Mesdc2"
"2165","Mir143hg"
"2166","Mtfr1l"
"2167","Mustn1"
"2168","Mxra8"
"2169","Myh11"
"2170","Myl9"
"2171","Nbl1"
"2172","Ndufa4l2"
"2173","Npy1r"
"2174","Nr2f2"
"2175","Nr4a1"
"2176","Nrip2"
"2177","Olfr78"
"2178","Pcolce"
"2179","Pdlim3"
"2180","Pdlim7"
"2181","Pelo"
"2182","Perp"
"2183","Pgf"
"2184","Pln"
"2185","Pls3"
"2186","Pofut2"
"2187","Ppp1cb"
"2188","Ptp4a3"
"2189","Ptrf"
"2190","Rarres2"
"2191","Rasgrp2"
"2192","Rasl12"
"2193","Rcn3"
"2194","Rgs5"
"2195","Rps3a1"
"2196","Rrad"
"2197","S1pr3"
"2198","Sdhc"
"2199","Serf2"
"2200","Serping1"
"2201","Sh3bgrl"
"2202","Siva1"
"2203","Slc16a11"
"2204","Slc19a1"
"2205","Slc2a4"
"2206","Slc38a11"
"2207","Sncg"
"2208","Snhg18"
"2209","Stbd1"
"2210","Tagln"
"2211","Tgfb1i1"
"2212","Timp3"
"2213","Tmem109"
"2214","Tpm1"
"2215","Tpm2"
"2216","Trp53inp2"
"2217","Tuba1c"
"2218","Uba2"
"2219","Vtn"
"2220","Wtip"
"2221","Zyx"
"2222","Cct4"
"2223","Crh"
"2224","Cyb561d2"
"2225","Dda1"
"2226","Dlx2"
"2227","Dlx5"
"2228","Elmod1"
"2229","Flot1"
"2230","Fxyd6"
"2231","Gnas"
"2232","Gps1"
"2233","Gpx4"
"2234","Htr3a"
"2235","Lrpap1"
"2236","Ndufa13"
"2237","Npas1"
"2238","Npy2r"
"2239","Pcbd1"
"2240","Pcdh20"
"2241","Pcdh8"
"2242","Pja1"
"2243","Ppid"
"2244","Ranbp6"
"2245","Rfk"
"2246","Rgs16"
"2247","Smim18"
"2248","Snx32"
"2249","Tac2"
"2250","Tmx1"
"2251","Tnfaip8l3"
"2252","Tsn"
"2253","Tuba1b"
"2254","Vip"
"2255","Ydjc"
"2256","C1galt1c1"
"2257","Cct5"
"2258","Eif1a"
"2259","Gm561"
"2260","Gpx3"
"2261","Nenf"
"2262","Nipsnap3b"
"2263","Pdyn"
"2264","Sst"
"2265","Tm2d3"
"2266","Tmem91"
"2267","Ufsp1"
"2268","Calb2"
"2269","Dlx1"
"2270","Penk"
"2271","Prkar1a"
"2272","Pthlh"
"2273","Rpl22l1"
"2274","Slc18a3"
"2275","Sostdc1"
"2276","Tmem261"
"2277","Tro"
"2278","Adra2a"
"2279","Aebp1"
"2280","Aldh1a1"
"2281","Angptl4"
"2282","Arf4"
"2283","Asgr1"
"2284","Bmp4"
"2285","Cd74"
"2286","Cfh"
"2287","Chst14"
"2288","Cmbl"
"2289","Coch"
"2290","Col1a2"
"2291","Cox6b2"
"2292","Cp"
"2293","Crabp2"
"2294","Cthrc1"
"2295","Ctsk"
"2296","Cxcl16"
"2297","Dcn"
"2298","Efemp1"
"2299","Efemp2"
"2300","Fam26f"
"2301","Fam43a"
"2302","Fgl2"
"2303","Fibin"
"2304","Fkbp7"
"2305","Flrt3"
"2306","Fmod"
"2307","Gjb2"
"2308","Gstm2"
"2309","Hexim1"
"2310","Ifitm1"
"2311","Igf2"
"2312","Il18bp"
"2313","Inmt"
"2314","Islr"
"2315","Kcnj13"
"2316","Kdelr3"
"2317","Lgals3bp"
"2318","Lum"
"2319","Mfap2"
"2320","Mfap4"
"2321","Mgst1"
"2322","Notum"
"2323","Ogn"
"2324","Omd"
"2325","Osr1"
"2326","Pdia3"
"2327","Prelp"
"2328","Rbp1"
"2329","Sar1a"
"2330","Sdf4"
"2331","Sec61b"
"2332","Serpind1"
"2333","Serpinf1"
"2334","Slc13a4"
"2335","Slc1a5"
"2336","Slc22a6"
"2337","Slc6a13"
"2338","Slc6a20a"
"2339","Snhg8"
"2340","Sphk1"
"2341","Spp1"
"2342","Tmem150a"
"2343","Tmem64"
"2344","Twist1"
"2345","Twsg1"
"2346","Vamp5"
"2347","Vps25"
"2348","Yipf3"
"2349","Zic1"
